Latitude,Longitude,pred_Nov-24_pH,pred_Dec-24_pH,pred_Jan-25_pH,pred_Nov-24_TDS,pred_Dec-24_TDS,pred_Jan-25_TDS,pred_Nov-24_ElectricalConductivity,pred_Dec-24_ElectricalConductivity,pred_Jan-25_ElectricalConductivity,pred_Nov-24_Temperature,pred_Dec-24_Temperature,pred_Jan-25_Temperature,pred_Nov-24_TSS,pred_Dec-24_TSS,pred_Jan-25_TSS,pred_Nov-24_VSS,pred_Dec-24_VSS,pred_Jan-25_VSS,pred_Nov-24_FixedSuspendedSolids,pred_Dec-24_FixedSuspendedSolids,pred_Jan-25_FixedSuspendedSolids,pred_Nov-24_TotalCOD,pred_Dec-24_TotalCOD,pred_Jan-25_TotalCOD,pred_Nov-24_TotalBOD,pred_Dec-24_TotalBOD,pred_Jan-25_TotalBOD,pred_Nov-24_Nitrate,pred_Dec-24_Nitrate,pred_Jan-25_Nitrate,pred_Nov-24_Phosphate,pred_Dec-24_Phosphate,pred_Jan-25_Phosphate
30.675661035024785,76.728883965285,9.208016905748602,7.933333333333334,7.87184056294849,176.71463254213478,347.3333333333334,329.42719928095573,351.3279067604737,688.9999999999999,659.3257596608462,26.621367989343156,20.333333333333332,17.666666666666664,309.7562168552961,17.999999999999996,113.66666666666669,274.11106273442357,9.5,96.16666666666663,26.739187767048733,5.405131452796062,17.618618808380397,90.66666666666664,49.14223941929642,25.36824904717411,6.000000000000002,9.666666666666666,21.83794741886398,1.1255316724416091,4.016666666666667,1.3683396279694076,0.2682627998365136,1.1542212555923486,0.51
30.67586253261162,76.72896022734396,9.215582917112945,7.933333333333334,7.874326994237864,175.65064975041648,347.3333333333334,329.3234302054935,349.07764722313044,688.9999999999999,659.1335843487839,26.62795680719707,20.333333333333332,17.666666666666664,309.5849981824449,17.999999999999996,113.66666666666669,274.2196779589214,9.5,96.16666666666663,26.489115699911384,5.372272972503362,17.62388724511626,90.66666666666664,49.13851812557279,25.263615564111955,6.000000000000002,9.666666666666666,21.851090810980864,1.1025270980146924,4.016666666666667,1.3405813890452087,0.2637074443143245,1.1594717637210417,0.51
30.676064030198454,76.72903648940293,9.223161461893486,7.933333333333334,7.87682758823645,174.5849044264323,347.3333333333334,329.21935353084535,346.8236600361747,688.9999999999999,658.9410749759454,26.634556539705013,20.333333333333332,17.666666666666664,309.4127300287856,17.999999999999996,113.66666666666669,274.3287222274715,9.5,96.16666666666663,26.238600079820515,5.339360060755401,17.629165015910914,90.66666666666664,49.134781267965586,25.158808751282216,6.000000000000002,9.666666666666666,21.864255975679853,1.0794843745543474,4.016666666666667,1.3127771674301907,0.2591444820582141,1.164730969537386,0.51
30.676265527785286,76.7291127514619,9.23075143336689,7.933333333333334,7.879341101415407,173.51755220497057,347.3333333333334,329.1149963231346,344.56627435781235,688.9999999999999,658.7482610294496,26.641166223083278,20.333333333333332,17.666666666666664,309.23950452673637,17.999999999999996,113.66666666666669,274.43815782991726,9.5,96.16666666666663,25.987680052698657,5.3063975239481715,17.634451296976756,90.66666666666664,49.13103021418316,25.053843914017026,6.000000000000002,9.666666666666666,21.877440990402548,1.0564068706604282,4.016666666666667,1.284931023479158,0.25457458471393374,1.1699981050198245,0.51
30.676467025372123,76.72918901352087,9.238351721490275,7.933333333333334,7.881866289127837,172.4487491876381,347.3333333333334,329.01038569438,342.30582033354233,688.9999999999999,658.5551720807741,26.647784890657352,20.333333333333332,17.666666666666664,309.06541388590665,17.999999999999996,113.66666666666669,274.54794700777427,9.5,96.16666666666663,25.736394874265713,5.273390182894204,17.639745262213044,90.66666666666664,49.1272663335919,24.948736403556037,6.000000000000002,9.666666666666666,21.89064392682393,1.0332979650260699,4.016666666666667,1.257047029725737,0.24999842592604354,1.1752723998431582,0.51
30.676668522958956,76.72926527557982,9.245961210662953,7.933333333333334,7.884401904854938,171.37865225761604,347.3333333333334,328.90554883343987,340.04262976184623,688.9999999999999,658.3618378426345,26.65441157091274,20.333333333333332,17.66655021848319,308.89055044514345,17.999999999999996,113.66666666666669,274.65805192164504,9.5,96.16666666666663,25.484783984070642,5.2403428825430165,17.645046081646232,90.66666666666664,49.12349099833432,24.84350164799998,6.000000000000002,9.666666666666666,21.90386284696421,1.0101610532431629,4.016666666666667,1.2291292790940447,0.24541668268562505,1.1805530798252997,0.51
30.67687002054579,76.72934153763879,9.253578775398033,7.933333333333334,7.88694669874814,170.30741968834974,347.3333333333334,328.800513065856,337.77703738153025,688.9999999999999,658.1682882789809,26.661045283725592,20.333333333333332,17.66485694003901,308.71500677318284,17.999999999999996,113.66666666666669,274.76843458820383,9.5,96.16666666666663,25.232887148657465,5.207260510779004,17.650352918413827,90.66666666666664,49.119705585491026,24.73815521216999,6.000000000000002,9.666666666666666,21.917095795669617,0.9869995609630904,4.016666666666667,1.2011819007787845,0.24083003793654956,1.185839363923532,0.51
30.677071518132625,76.72941779969776,9.261155484403247,7.933333333333334,7.889499414555217,169.2460136764999,347.3333333333334,328.69530598003394,335.52414033887294,688.9999999999999,657.9745538369275,26.66761620987099,20.333333333333332,17.661365696754658,308.5388758808733,17.999999999999996,113.66666666666669,274.87905674732764,9.527165600747317,96.16666666666663,24.980744763434743,5.174250926677729,17.655664922404803,90.66666666666664,49.11591148163946,24.631594822815096,6.000000000000002,9.666666666666666,21.93029962930993,0.9636675525143712,4.016496226795694,1.1733682989264915,0.23625453562519977,1.1911332936496892,0.5101537518936643
30.677273015719457,76.72949406175672,9.26860633765062,7.933333333333334,7.8920587823727875,168.21354557417254,347.3333333333334,328.5899557247446,333.3101734885214,688.9999999999999,657.7806659935852,26.674002607003413,20.333333333333332,17.656356806291296,308.36225172154724,17.999999999999996,113.66666666666669,274.98987954882483,9.645578245952581,96.16666666666663,24.728398564406888,5.141499736818026,17.660981215265224,90.66666666666664,49.112110093602055,24.521875790097788,6.000000000000002,9.666666666666666,21.943400105253613,0.9398436158485279,4.015622744937386,1.1459720569854115,0.23184667897618555,1.1964390203630586,0.5115674854963487
30.677474513306294,76.7295703238157,9.275929575616214,7.933333333333334,7.894623498676216,167.2103033557555,347.3333333333334,328.48449182887725,331.13566554773024,688.9999999999999,657.5866775095038,26.6802026725952,20.333333333333332,17.65011069611297,308.18523056976915,17.999999999999996,113.66666666666669,275.10086268923067,9.841820423469862,96.16666666666663,24.47589358931564,5.109013543200739,17.666300849082113,90.66666666666664,49.10830287806243,24.409004776596166,6.000000000000002,9.666666666666666,21.956394582700334,0.9155242211756769,4.014131880740084,1.1189994702350172,0.22764639998990688,1.2017556805944993,0.5142294305071229
30.677676010893126,76.72964658587466,9.283124745295071,7.933333333333334,7.897192156800646,166.23625353021316,347.3333333333334,328.37894805512036,329.00073828841244,688.9999999999999,657.3967142366445,26.68621666012026,20.333333333333332,17.642908130526028,308.00791582096656,17.999999999999996,113.66666666666669,275.211961406862,10.098245101638165,96.16666666666663,24.223285004670842,5.076796805379054,17.671622662555528,90.66666666666664,49.10449144466384,24.293030414416585,6.000000000000002,9.666666666666666,21.969281277828813,0.8907183620580919,4.012163614181572,1.0924525844618145,0.22365284995783064,1.2070821026616865,0.5178566049535313
30.67787750847996,76.72972284793363,9.290190008249926,7.933333333333334,7.899762883455352,165.29155743503898,347.51302039866346,328.2733773206732,326.9059255334178,688.9999999999999,657.2139107070494,26.692043616557775,20.333333333333332,17.635031397775997,307.83044308670156,18.083402496117756,113.7410714938912,275.3231107702118,10.397145037001863,96.16666666666663,23.968330854129515,5.044859999713425,17.676877849845315,90.66666666666664,49.100678095067806,24.174020495450947,6.000000000000002,9.815253994269193,21.982056000094875,0.8654392445455947,4.009858390936436,1.0663385283373106,0.2198660143810258,1.2124161534464337,0.5221651491834112
30.678079006066795,76.72979910999258,9.297105691480743,7.9208805648549285,7.902327798518577,164.37888442227288,347.9632317912213,328.16807911695173,324.85706540569134,690.0250726351146,657.0387343658813,26.697667057760828,20.333333333333332,17.62678240363205,307.6533626938025,18.403587329557027,114.16827661274228,275.4339862035244,10.720037885489969,95.81035908511936,23.70871207120682,5.013291056408245,17.68198480813876,90.66666666666664,49.09687403922203,24.052289453171717,6.000000000000002,10.180081969560181,21.994683577416758,0.8397543015604766,4.007362651549185,1.0407298621106313,0.21629661749877574,1.2177433233584587,0.5268599052587613
30.678280503653628,76.72987537205155,9.295014235109383,7.924541088321877,7.901902405588034,164.7437462214324,347.87788669371224,328.18554156419594,325.48853281982974,689.6742278346373,657.0962463489091,26.695374076191076,20.333333333333332,17.628165850151596,307.6827319478342,18.34045681904972,114.08081454554014,275.4155983278259,10.665515428061196,95.920992494839,23.737475249497184,5.020560022461582,17.68077172224933,90.66666666666664,49.09750491803014,24.050374493795484,6.000000000000002,10.111047850236908,21.99177599099547,0.8406029922796265,4.007784271504013,1.0481236513269168,0.2182769474270623,1.2169159641335465,0.5260657001004394
30.67848200124046,76.72995163411052,9.286433340955336,7.933333333333334,7.899334412795584,166.03198967703804,347.45905522720165,328.29097010210234,328.0515077819873,688.9999999999999,657.3224312499033,26.687357846097104,20.333333333333332,17.636378867368865,307.86002378262526,18.049865942821278,113.70275271566364,275.3045871866638,10.34513636017779,96.16666666666663,23.971429957918986,5.055735246370222,17.67499338203603,90.66666666666664,49.10131361764104,24.133499650954736,6.000000000000002,9.771274476228239,21.977705901432227,0.8603377336571574,4.0102599864728905,1.0792833165740092,0.22428989086794882,1.2116804024330368,0.52141187779984
30.678683498827297,76.73002789616949,9.277715447462306,7.933333333333334,7.896763840770031,167.35019548874874,347.3333333333334,328.396542482333,330.65665487394324,688.9999999999999,657.5558218328948,26.679151000251682,20.333333333333332,17.644163038345987,308.0374837483892,17.999999999999996,113.66666666666669,275.1934391600777,10.052078217792019,96.16666666666663,24.200546293220867,5.0912311738427825,17.669076756207808,90.66666666666664,49.10512689674377,24.21385680836274,6.000000000000002,9.666666666666666,21.96350753044342,0.8796512357385124,4.012518863358814,1.110903368112449,0.2305093168744677,1.2064441181777652,0.5171970698021233
30.67888499641413,76.73010415822846,9.26887407857766,7.933333333333334,7.894195731947137,168.69636463249313,347.3333333333334,328.5020756975548,333.2999388858268,688.9999999999999,657.7960391969061,26.670765963885465,20.333333333333332,17.651225724824485,308.2147574338642,17.999999999999996,113.66666666666669,275.0823561653289,9.804457179843137,96.16666666666663,24.424459502042176,5.126991563863574,17.66303171101862,90.66666666666664,49.10893775375253,24.291301305594686,6.000000000000002,9.666666666666666,21.94920337443532,0.8985099874612616,4.01441729365261,1.1429345729862463,0.23692595026415786,1.2012156391192352,0.5137110966242848
30.679086494000963,76.73018042028743,9.259912915883673,7.933333333333334,7.891631813770698,170.06988218276302,347.3333333333334,328.6075228174343,335.9802518933113,688.9999999999999,658.0429545610863,26.662206591063015,20.333333333333332,17.657285114875855,308.39171929684915,17.999999999999996,113.66666666666669,274.97139682971573,9.619961670201164,96.16666666666663,24.643130376147955,5.1630029198941925,17.65686125433315,90.66666666666664,49.11274410330061,24.365824596434337,6.000000000000002,9.666666666666666,21.93479883202329,0.9169104039712814,4.015814977236241,1.1753638079826991,0.24353644224363302,1.1959966628008372,0.5112375435940213
30.6792879915878,76.7302566823464,9.250834606968143,7.933333333333334,7.8890734654255965,171.47027862099526,347.3333333333334,328.71285120730755,338.69679349945517,688.9999999999999,658.2964654210111,26.653475835402237,20.333333333333332,17.662060533939623,308.5682678391503,17.999999999999996,113.66666666666669,274.8606047271043,9.51623517461492,96.16666666666663,24.856553907779194,5.199256235943466,17.65056767350532,90.66666666666664,49.116544376498254,24.437432434299872,6.000000000000002,9.666666666666666,21.92029750560381,0.9348520443430076,4.016571961557114,1.2081817434166435,0.2503380666168494,1.1907881692132916,0.5100593409966663
30.67948948917463,76.73033294440535,9.241641784024647,7.933333333333334,7.886521982259857,172.8964937543685,347.3333333333334,328.818031673927,341.44868884061464,688.9999999999999,658.5564755976992,26.644580589375707,20.333333333333332,17.665271581255855,308.74430735072156,17.999999999999996,113.66666666666669,274.75001980752666,9.5,96.16666666666663,25.064733322392968,5.2357577738783885,17.64415308244164,90.66666666666664,49.120337128787966,24.506389202544568,6.000000000000002,9.666666666666666,21.905696890430058,0.9523648922319232,4.016666666666667,1.2413814470387499,0.2573282470629145,1.185585898519492,0.51
30.679690986761464,76.73040920646432,9.232339988804847,7.933333333333334,7.883978631050944,174.33945631760818,347.3333333333334,328.9230361968371,344.23318411338005,688.9999999999999,658.8228910677059,26.63558095863513,20.333333333333332,17.666637949371797,308.91974409404565,17.999999999999996,113.66666666666669,274.6396807860573,9.5,96.16666666666663,25.26767465129595,5.272696080423359,17.637619535941717,90.66666666666664,49.12412095798311,24.57623270058132,6.000000000000002,9.666666666666666,21.890921567812295,0.9700586566102274,4.016666666666667,1.2749753298322173,0.2644552371634671,1.1803205572448945,0.51
30.6798924843483,76.73048546852328,9.2229325014686,7.933333333333334,7.88144466664689,175.79606473133472,347.3333333333334,329.02783724527313,347.0489517026483,688.9999999999999,659.09561870751,26.626497401699087,20.333333333333332,17.666666666666664,309.09448515522047,17.999999999999996,113.66666666666669,274.5296258621231,9.5,96.16666666666663,25.465385097433963,5.310124610189196,17.630969064127378,90.66666666666664,49.12789447958874,24.648068466384807,6.000000000000002,9.666666666666666,21.875950155906185,0.9881695108372444,4.016666666666667,1.3089617833413323,0.27163370666008124,1.1749711328754835,0.51
30.680093981935133,76.73056173058225,9.213421545227616,7.933333333333334,7.8789213381897065,177.26600634916056,347.3333333333334,329.13240752269667,349.8953303872395,688.9999999999999,659.3739863453321,26.6173318546627,20.333333333333332,17.666666666666664,309.26843801429106,17.999999999999996,113.66666666666669,274.41989298850905,9.5,96.16666666666663,25.657872424234128,5.348033708067104,17.62420368531847,90.66666666666664,49.13165631757207,24.72186575580837,6.000000000000002,9.666666666666666,21.860786516755258,1.0066906883027409,4.016666666666667,1.3433326510445516,0.2788609289017615,1.169539168199311,0.51
30.68029547952197,76.73063799264122,9.203809334358034,7.933333333333334,7.876409891810744,178.74896978112693,347.3333333333334,329.23671985615397,352.77166160354165,688.9999999999999,659.6550387449689,26.608086245840617,20.333333333333332,17.666666666666664,309.4415103591605,17.999999999999996,113.66666666666669,274.31051998786495,9.5,96.16666666666663,25.845966444173605,5.386413757758496,17.61733003907508,90.66666666666664,49.135405100365205,24.79759394834438,6.000000000000002,9.666666666666666,21.845434496878934,1.0256154495772414,4.016666666666667,1.3780798092038011,0.28613556005480373,1.164026199802182,0.51
30.680496977108803,76.73071425470019,9.1940980780598,7.933333333333334,7.873911571930419,180.24464435094882,347.3333333333334,329.3407471429233,355.67728829766486,688.9999999999999,659.9383244163574,26.598762499128064,20.333333333333332,17.666666666666664,309.61360999585577,17.999999999999996,113.66666666666669,274.2015446088856,9.5,96.16666666666663,26.036940425578955,5.4252551650147,17.6103810577788,90.66666666666664,49.13913945893759,24.8752224937622,6.000000000000002,9.666666666666666,21.829897933976692,1.0449370706793892,4.016666666666667,1.4131951527052713,0.29345625934003716,1.1584337607456818,0.51
30.680698474695635,76.73079051675916,9.184289982474368,7.933333333333334,7.87142762193781,181.75271981227695,347.3333333333334,329.4444623226181,358.61155432534554,688.9999999999999,660.2237845696054,26.58936253575796,20.333333333333332,17.666666666666664,309.7846448016078,17.999999999999996,113.66666666666669,274.0930045556866,9.5,96.16666666666663,26.232439831181786,5.464548348874151,17.603364166818327,90.66666666666664,49.1428580257882,24.954720884202374,6.000000000000002,9.666666666666666,21.814180660433156,1.0646488369406082,4.016666666666667,1.4486705876568604,0.300821687817961,1.1527633819674277,0.51
30.68089997228247,76.73086677881811,9.174387251812526,7.933333333333334,7.8689592845704075,183.27288619007595,347.3333333333334,329.547838361599,361.5738041165059,688.9999999999999,660.5113604638245,26.579888275283142,20.333333333333332,17.666666666666664,309.9545226986338,17.999999999999996,113.66666666666669,273.9849375042186,9.5,96.16666666666663,26.43238667822264,5.5042837367648065,17.59628100734688,90.66666666666664,49.14655943438231,25.03605863858764,6.000000000000002,9.666666666666666,21.798286505277126,1.084744039577384,4.016666666666667,1.4844980272504387,0.30823050770942484,1.1470165930635678,0.51
30.681101469869304,76.73094304087708,9.16439208901748,7.933333333333334,7.866507802137411,184.8048336873738,347.3333333333334,329.65084824380756,364.5633824780451,688.9999999999999,660.8009933902767,26.570341636153874,20.333333333333332,17.666666666666664,310.1231516387203,17.999999999999996,113.66666666666669,273.87738111191965,9.5,96.16666666666663,26.63670302603125,5.544451761624615,17.589133219635002,90.66666666666664,49.15024231882039,25.119205293455074,6.000000000000002,9.666666666666666,21.782219295333455,1.1052159736754972,4.016666666666667,1.5206693893291687,0.3156813819963187,1.1411949227488898,0.51
30.681302967456137,76.73101930293605,9.154306696173437,7.933333333333334,7.864074416657243,186.3482526277848,347.3333333333334,329.7534649651213,367.5796344723112,688.9999999999999,661.0926246619867,26.560724536073796,20.333333333333332,17.666666666666664,310.2904395937295,17.999999999999996,113.66666666666669,273.77037302365864,9.5,96.16666666666663,26.845310962526845,5.585042860127395,17.581922443355353,90.66666666666664,49.15390531363411,25.204130397312618,6.000000000000002,9.666666666666666,21.765982855932595,1.1260579369489687,4.016666666666667,1.5571765948885097,0.32317297417534996,1.1352998991402263,0.51
30.681504465042973,76.73109556499502,9.144133274765746,7.933333333333334,7.861660369945119,187.90283341892354,347.3333333333334,329.85566152975946,370.62190533973677,688.9999999999999,661.3861956071289,26.551038892226433,20.333333333333332,17.666666666666664,310.45629454955287,17.999999999999996,113.66666666666669,273.66395087552127,9.5,96.16666666666663,27.058132595619107,5.626047471553365,17.574650317764004,90.66666666666664,49.1575470536565,25.290803507044576,6.000000000000002,9.666666666666666,21.749581011362448,1.1472632289496558,4.016666666666667,1.5940115671219137,0.3307039481013475,1.1293330499369076,0.51
30.681705962629806,76.73117182705398,9.133874025853336,7.933333333333334,7.85926690367098,189.46826652813277,347.3333333333334,329.957410947904,373.68954044754696,688.9999999999999,661.6816475646383,26.54128662142559,20.333333333333332,17.666666666666664,310.6206245021117,17.999999999999996,113.66666666666669,273.5581522973136,9.5,96.16666666666663,27.275090047523108,5.667456037040713,17.56731848182062,90.66666666666664,49.161166173936074,25.379194185535926,6.000000000000002,9.666666666666666,21.733017585167765,1.1688251505445684,4.016666666666667,1.6311662307882002,0.33827296788317623,1.1232959025402527,0.51
30.68190746021664,76.73124808911295,9.12353115018417,7.933333333333334,7.8568952593983905,191.04424246624495,347.3333333333334,330.05868623410436,376.7818852554205,688.9999999999999,661.9789218812765,26.531469640215843,20.333333333333332,17.666666666666664,310.78333745467177,17.999999999999996,113.66666666666669,273.4530149142437,9.5,96.16666666666663,27.496105450940917,5.709258999084275,17.559928574268998,90.66666666666664,49.16476130967905,25.469272000076725,6.000000000000002,9.666666666666666,21.716296400350597,1.1907370035649891,4.016666666666667,1.6686325117880152,0.345878697814198,1.1171899841336677,0.51
30.682108957803475,76.73132435117192,9.11310684827654,7.933333333333334,7.854546678611783,192.63045177613026,347.3333333333334,330.1594604061578,379.89828529130955,688.9999999999999,662.2779599095579,26.5215898649435,20.333333333333332,17.666666666666664,310.9443414159622,17.999999999999996,113.66666666666669,273.3485763480987,9.5,96.16666666666663,27.721100946390713,5.751446801182991,17.552482233693702,90.66666666666664,49.16833109620906,25.561006521246632,6.000000000000002,9.666666666666666,21.699421279511366,1.2129920905608957,4.016666666666667,1.7064023368656416,0.35351980232308605,1.1110168217388807,0.51
30.682310455390308,76.73140061323087,9.102603320477165,7.933333333333334,7.852222402735833,194.22658502450255,347.3333333333334,330.2597064843145,383.0380861341571,688.9999999999999,662.5787030062676,26.511649211807377,20.333333333333332,17.666666666666664,311.1035443988376,17.999999999999996,113.66666666666669,273.24487421808357,9.5,96.16666666666663,27.949998680306628,5.794009887588222,17.544981098560662,90.66666666666664,49.1718741689383,25.65436732212192,6.000000000000002,9.666666666666666,21.68239604494953,1.2355837146261888,4.016666666666667,1.7444676333959643,0.3611949459385756,1.1047779422560493,0.51
30.68251195297714,76.73147687528984,9.092022767000778,7.933333333333334,7.849923673148915,195.83233279635874,347.3333333333334,330.3593974907253,386.20063340212596,688.9999999999999,662.8810925314551,26.501649596893152,20.333333333333332,17.666666666666664,311.26085441934924,17.999999999999996,113.66666666666669,273.1419461414012,9.5,96.16666666666663,28.182720803721786,5.836938703131713,17.53742680724475,90.66666666666664,49.17538916334768,25.749323977725865,6.000000000000002,9.666666666666666,21.6652245187324,1.2585051792779287,4.016666666666667,1.7828203292392177,0.36890279326568187,1.0984748724912718,0.51
30.682713450563977,76.73155313734881,9.081367387962631,7.933333333333334,7.847651731193727,197.44738569036508,347.3333333333334,330.458506449006,389.3852727429211,688.9999999999999,663.1850698475971,26.491592936202032,20.333333333333332,17.666666666666664,311.4161794960115,17.999999999999996,113.66666666666669,273.0398297337127,9.5,96.16666666666663,28.419189471229288,5.880223693085361,17.52982099805255,90.66666666666664,49.17887471497099,25.845846064596078,6.000000000000002,9.666666666666666,21.647910522751207,1.2817497883605504,4.016666666666667,1.8214523526218374,0.37664200896567157,1.0921091391788103,0.51
30.68291494815081,76.73162939940778,9.070639383400957,7.933333333333334,7.845407818184773,199.07143431568687,347.3333333333334,330.5574712728634,392.59134982711,688.9999999999999,663.490576319022,26.481481145670394,20.333333333333332,17.666666666666664,311.56942764928567,17.999999999999996,113.66666666666669,272.9385626094604,9.5,96.16666666666663,28.659326840250802,5.923855303064081,17.52216530923802,90.66666666666664,49.18232945938384,25.943903160480364,6.000000000000002,9.666666666666666,21.63045787875998,1.3053108459787004,4.016666666666667,1.8603556320541443,0.38441125774238316,1.0856822689965444,0.51
30.683116445737646,76.73170566146675,9.059840953293492,7.933333333333334,7.843193175413916,200.70416928965423,347.3333333333334,330.65943506674637,395.81821034320853,688.9999999999999,663.7975533114854,26.471316141184165,20.333333333333332,17.666666666666664,311.72050690119556,17.999999999999996,113.66666666666669,272.83818238210813,9.5,96.16666666666663,28.90305507049748,5.9678239789543515,17.514461379014108,90.66666666666664,49.18575203219542,26.043464844112773,6.000000000000002,9.666666666666666,21.612870408404145,1.3291816564478462,4.016666666666667,1.8995220962697854,0.39220920433215606,1.0791957885773398,0.51
30.68331794332448,76.73178192352572,9.04897429757225,7.933333333333334,7.8410090441550615,202.34528123564675,347.3333333333334,330.76492856325183,399.0651999932804,688.9999999999999,664.1059421917851,26.461099838592027,20.333333333333332,17.666666666666664,311.8693252750053,17.999999999999996,113.66666666666669,272.7387266643433,9.5,96.16666666666663,29.150296323514155,6.012120166850927,17.5067108455631,90.66666666666664,49.18914106904154,26.14450069502509,6.000000000000002,9.666666666666666,21.59515193324578,1.3533555242521882,4.016666666666667,1.9389436741716355,0.4000345134945138,1.0726512245189883,0.51
30.68351944091131,76.73185818558468,9.038041616132913,7.933333333333334,7.8388566656673095,203.99446078176322,347.3333333333334,330.87387662531876,402.3316644901431,688.9999999999999,664.4156843275166,26.450834153713608,20.333333333333332,17.666666666666664,312.0157907950009,17.999999999999996,113.66666666666669,272.64023306821343,9.5,96.16666666666663,29.400972762376696,6.056734313016413,17.498915347043237,90.66666666666664,49.19249520557998,26.24698029342215,6.000000000000002,9.666666666666666,21.577306274779865,1.3778257540170236,4.016666666666667,1.9786122947974367,0.40788585000638167,1.0660501033906131,0.51
30.683720938498148,76.73193444764364,9.027045108843932,7.933333333333334,7.836737281197782,205.65139855950494,347.3333333333334,330.9862041161781,405.61694955465293,688.9999999999999,664.7267210868331,26.440521002347655,20.333333333333332,17.666666666666664,312.15981148629567,17.999999999999996,113.66666666666669,272.5427392052484,9.5,96.16666666666663,29.65500655141988,6.10165686384248,17.49107652159517,90.66666666666664,49.195813077486285,26.350873220070287,6.000000000000002,9.666666666666666,21.559337254449705,1.4025856504836447,4.016666666666667,2.0185198872864514,0.41576187865621306,1.0593939517387072,0.51
30.68392243608498,76.7320107097026,9.015986975552812,7.933333333333334,7.834652131983619,207.3157852028736,347.3333333333334,331.10183589925873,408.92040091384274,688.9999999999999,665.0389938382766,26.430162300277672,20.333333333333332,17.666666666666664,312.30129537469145,17.999999999999996,113.66666666666669,272.4462826865465,9.5,96.16666666666663,29.91231985604958,6.146878265823372,17.48319600734638,90.66666666666664,49.1990933204508,26.45614905622108,6.000000000000002,9.666666666666666,21.54124869365762,1.4276285184921709,4.016666666666667,2.0586583808566394,0.42366126423995865,1.0526842960912584,0.51
30.684123933671813,76.73208697176158,9.004869416092088,7.933333333333334,7.8326024592537635,208.98731134749187,347.3333333333334,331.22069683810116,412.24136429912716,688.9999999999999,665.3524439506174,26.419759963277336,20.333333333333332,17.666666666666664,312.4401504865567,17.999999999999996,113.66666666666669,272.3509011228518,9.5,96.16666666666663,30.17283484257306,6.192388965530601,17.47527544241548,90.66666666666664,49.20233457017601,26.562777383542837,6.000000000000002,9.666666666666666,21.523044413775004,1.452947662965883,4.016666666666667,2.099019704782715,0.43158267155705726,1.0459226629616316,0.51
30.68432543125865,76.73216323382054,8.993694630283427,7.933333333333334,7.830589504230209,210.66566763000253,347.3333333333334,331.342711796293,415.5791854450888,688.9999999999999,665.667012792738,26.409315907114234,20.333333333333332,17.666666666666664,312.5762848487392,17.999999999999996,113.66666666666669,272.2566321246077,9.5,96.16666666666663,30.436473678087154,6.23817940959599,17.46731646491518,90.66666666666664,49.20553546237475,26.670727784076572,6.000000000000002,9.666666666666666,21.504728236149134,1.478536388901047,4.016666666666667,2.139595788381321,0.4395247654076636,1.0391105788511465,0.51
30.684526928845482,76.73223949587951,8.982464817942251,7.933333333333334,7.828614508129235,212.35054468737366,347.3333333333334,331.4678056374012,418.93321008809255,688.9999999999999,665.9826417335055,26.398832047554237,20.333333333333332,17.666666666666664,312.7096064884817,17.999999999999996,113.66666666666669,272.163513302011,9.5,96.16666666666663,30.703158530361478,6.284240044692635,17.459320712955563,90.66666666666664,49.208694632768264,26.77996984019018,6.000000000000002,9.666666666666666,21.486303982110755,1.5043880013561175,4.016666666666667,2.180378560994169,0.4474862105893722,1.0322495702519203,0.51
30.684728426432315,76.73231575793848,8.971182178880015,7.933333333333334,7.826678712162106,214.04163315655217,347.3333333333334,331.5959032249307,422.3027839656065,688.9999999999999,666.2992721417024,26.388310300363596,20.333333333333332,17.666666666666664,312.8400234333727,17.999999999999996,113.66666666666669,272.07158226504157,9.5,96.16666666666663,30.97281156778542,6.330561317525728,17.451289824645883,90.66666666666664,49.21181071708529,26.890473134559166,6.000000000000002,9.666666666666666,21.4677754729778,1.5304958054469835,4.016666666666667,2.221359951979829,0.45546567189553233,1.0253411636482057,0.51
30.68492992401915,76.73239201999745,8.959848912907617,7.933333333333334,7.824783357535907,215.73862367393832,347.3333333333334,331.72692942227127,425.6872528151832,688.9999999999999,666.6168453859268,26.377752581312258,20.333333333333332,17.666666666666664,312.96744371128955,17.999999999999996,113.66666666666669,271.98087662349843,9.5,96.16666666666663,31.245354959294644,6.377133674818931,17.443225438096984,90.66666666666664,49.21488235106075,27.002207250139456,6.000000000000002,9.666666666666666,21.449146530060794,1.5568531063402182,4.016666666666667,2.2625318907013985,0.4634618141126735,1.0183868855183458,0.51
30.685131421605984,76.7324682820564,8.948467219838733,7.933333333333334,7.8229296854542705,217.44120687486304,347.3333333333334,331.86080909264524,429.0859623734528,688.9999999999999,666.93530283449,26.36716080617709,20.333333333333332,17.666666666666664,313.09177535034775,17.999999999999996,113.66666666666669,271.8914339870321,9.5,96.16666666666663,31.520710874304378,6.423947563301138,17.435129191423847,90.66666666666664,49.21790817043466,27.115141770143254,6.000000000000002,9.666666666666666,21.430420974668202,1.5834532092468607,4.016666666666667,2.3038863065143964,0.4714733020178967,1.0113882623366544,0.51
30.68533291919282,76.73254454411537,8.937039299489896,7.933333333333334,7.82111893711751,219.1490733935521,347.3333333333334,331.99746709909317,432.49825837610643,688.9999999999999,667.2545858554066,26.35653689074216,20.333333333333332,17.666666666666664,313.2129263788921,17.999999999999996,113.66666666666669,271.80062774854184,9.5,96.16666666666663,31.798801482728607,6.470993429706963,17.427002722745726,90.66666666666664,49.220886810951995,27.22924627805082,6.000000000000002,9.666666666666666,21.411602628106152,1.6102894194244906,4.016666666666667,2.345415128766702,0.4794988003785218,1.0043468205732013,0.51
30.685534416779653,76.73262080617434,8.925567351685608,7.933333333333334,7.819352353723522,220.86191386232787,347.3333333333334,332.13599482748623,435.9234865563609,688.9999999999999,667.5746358162402,26.345882750803682,20.333333333333332,17.666666666666664,313.33080482543426,17.999999999999996,113.66666666666669,271.7042008022381,9.5,96.16666666666663,32.07954895487973,6.518261720756457,17.418847670189944,90.66666666666664,49.223816908361286,27.344490357573143,6.000000000000002,9.666666666666666,21.392695311686644,1.6373550421676952,4.016666666666667,2.3871102867800236,0.48753697394811457,0.997264086696686,0.51
30.685735914366486,76.7326970682333,8.91405357625808,7.933333333333334,7.817631176467778,222.57941891160925,347.3333333333334,332.27529764229087,439.36099264502855,688.9999999999999,667.8953940840968,26.33520030217004,20.333333333333332,17.666666666666664,313.44531871865337,17.999999999999996,113.66666666666669,271.6022210600231,9.5,96.16666666666663,32.36287546150547,6.565742883157203,17.41066567189184,90.66666666666664,49.226737008430845,27.460843592671807,6.000000000000002,9.666666666666666,21.373702846726637,1.664643382811753,4.016666666666667,2.4289637098510264,0.49558648746621814,0.9901415871739316,0.51
30.685937411953322,76.73277333029228,8.902500173049962,7.933333333333334,7.81595664654374,224.30127916945912,347.3333333333334,332.41531869179255,442.81012236970105,688.9999999999999,668.2168020255347,26.324491460664653,20.333333333333332,17.666666666666664,313.5563760873671,17.999999999999996,113.66666666666669,271.49481845383104,9.5,96.16666666666663,32.64870317375757,6.613427363594227,17.40245836599691,90.66666666666664,49.229740552279594,27.578275567551167,6.000000000000002,9.666666666666666,21.354629054552117,1.6921477467297317,4.016666666666667,2.4709673272415875,0.5036460056559283,0.9829808484711711,0.51
30.686138909540155,76.73284959235124,8.89090934191676,7.933333333333334,7.8143300051432,226.02718526117218,347.3333333333334,332.55600402972436,446.2702214540145,688.9999999999999,668.5388010064803,26.313758142128528,20.333333333333332,17.666666666666664,313.66388496050865,17.999999999999996,113.66666666666669,271.38212291613854,9.5,96.16666666666663,32.9369542631723,6.661305608721282,17.394227390662692,90.66666666666664,49.23282850039276,27.6967558666558,6.000000000000002,9.666666666666666,21.33547775650159,1.7198614393306706,4.016666666666667,2.5131130681701803,0.5117141932216126,0.9757833970551023,0.51
30.686340407126988,76.73292585441021,8.879283282727666,7.933333333333334,7.812752493456337,227.75682780909654,347.3333333333334,332.69729970950885,449.74063561740354,688.9999999999999,668.8613323921865,26.303002262421384,20.333333333333332,17.666666666666664,313.7677533671224,17.999999999999996,113.66666666666669,271.26426438000703,9.5,96.16666666666663,33.227550901696674,6.709368065158982,17.38597438405957,90.66666666666664,49.235997612492284,27.816254074687336,6.000000000000002,9.666666666666666,21.3162527739268,1.7477777660621645,4.016666666666667,2.555392861809146,0.519789714847692,0.9685507593928842,0.51
30.686541904713824,76.73300211646917,8.867624195368228,7.933333333333334,7.811225352672016,229.4898974321698,347.3333333333334,332.83915178421233,453.2207105742873,688.9999999999999,669.1843375471368,26.292225737424598,20.333333333333332,17.666666666666664,313.86788933634375,17.999999999999996,113.66666666666669,271.14137277914523,9.5,96.16666666666663,33.52041526167294,6.757605179485339,17.377700984372904,90.66666666666664,49.23924464828853,27.93673977660494,6.000000000000002,9.666666666666666,21.296957928196544,1.775890032408907,4.016666666666667,2.5977986372751913,0.5278712351960348,0.9612844619532427,0.51
30.686743402300657,76.73307837852813,8.855934279741753,7.933333333333334,7.8097498239778735,231.22608474563833,347.3333333333334,332.9815063065149,456.7097920336434,688.9999999999999,669.5077578349835,26.281430483042985,20.333333333333332,17.666666666666664,313.96420089739246,17.999999999999996,113.66666666666669,271.013578047961,9.5,96.16666666666663,33.81546951586309,6.8060073982318485,17.369408829804307,90.66666666666664,49.24256636747923,28.05818255764246,6.000000000000002,9.666666666666666,21.277597040698232,1.8041915438950606,4.016666666666667,2.640322323624561,0.5359574189041489,0.9539860312066964,0.51
30.68694489988749,76.7331546405871,8.844215735771837,7.933333333333334,7.808327148560526,232.96508036060388,347.3333333333334,333.12430932866505,460.2072256982451,688.9999999999999,669.8315346184525,26.270618415207633,20.333333333333332,17.666666666666664,314.05659607955903,17.999999999999996,113.66666666666669,270.8810101216287,9.5,96.16666666666663,34.11263583744798,6.8545651678750295,17.361099558573663,90.66666666666664,49.24595952974802,28.180552003316258,6.000000000000002,9.666666666666666,21.258173932841263,1.832675606084201,4.016666666666667,2.6829558498441983,0.544046930582545,0.9466569936264508,0.51
30.687146397474326,76.73323090264607,8.832470763403899,7.933333333333334,7.80695856760562,234.70657488370554,347.3333333333334,333.26750690244523,463.71235726418706,688.9999999999999,670.1556092592709,26.259791449877895,20.333333333333332,17.666666666666664,314.1449829122006,17.999999999999996,113.66666666666669,270.74379893614866,9.5,96.16666666666663,34.41183640006169,6.903268934832299,17.3527748089206,90.66666666666664,49.24942089476334,28.303817699448047,6.000000000000002,9.666666666666666,21.23869242605865,1.8613355245825833,4.016666666666667,2.7256911448464405,0.5521384348126462,0.9392988756885706,0.51
30.68734789506116,76.73330716470504,8.820701562608201,7.933333333333334,7.805645322298032,236.45025891657565,347.3333333333334,333.411045079118,467.2245324199746,688.9999999999999,670.4799231180534,26.248951503044903,20.333333333333332,17.666666666666664,314.22926942472805,17.999999999999996,113.66666666666669,270.60207442842693,9.5,96.16666666666663,34.71299337779462,6.952109145452054,17.34443621910692,90.66666666666664,49.2529472221767,28.427949232176026,6.000000000000002,9.666666666666666,21.21915634181104,1.8901646050394536,4.016666666666667,2.7685201374584953,0.5602305961435908,0.9319132038730027,0.51
30.68754939264799,76.73338342676401,8.808910333381075,7.933333333333334,7.804388653821832,238.19582305554852,347.3333333333334,333.5548699093923,470.7430968461414,688.9999999999999,670.8044175542323,26.23810049073331,20.333333333333332,17.666666666666664,314.30936364660766,17.999999999999996,113.66666666666669,270.4559665363381,9.5,96.16666666666663,35.01602894525053,7.001076246011275,17.33608542741787,90.66666666666664,49.25653527162154,28.55291618798885,6.000000000000002,9.666666666666666,21.199569501587646,1.919156153152472,4.016666666666667,2.8114347564183473,0.5683220790901464,0.9245015046633991,0.51
30.687750890234827,76.73345968882298,8.797099275747957,7.933333333333334,7.803181770995506,239.9429578910914,347.3333333333334,333.69892744336653,474.2673962143285,688.9999999999999,671.1290339259356,26.227240329004978,20.333333333333332,17.666666666666664,314.3851736073516,17.999999999999996,113.66666666666669,270.3058550827726,9.5,96.16666666666663,35.32086527756748,7.050160682706027,17.327724072164706,90.66666666666664,49.260181802711365,28.678688153746048,6.000000000000002,9.666666666666666,21.179935726910053,1.9483034746696888,4.016666666666667,2.854426930364202,0.5764115481292482,0.9170653045479606,0.51
30.68795238782166,76.73353595088193,8.785270589766887,7.933333333333334,7.801929890462537,241.69135400715538,347.3333333333334,333.8431637304632,477.7967761862234,688.9999999999999,671.4537135898474,26.21637293396304,20.333333333333332,17.666666666666664,314.45660733650817,17.999999999999996,113.66666666666669,270.15490376791024,9.5,96.16666666666663,35.6274245504366,7.099352901640379,17.31935379168764,90.66666666666664,49.263883575037866,28.805234716698727,6.000000000000002,9.666666666666666,21.160258839336606,1.9775998753913002,4.016666666666667,2.8974885878223122,0.5844976676960881,0.9096061300204639,0.51
30.688153885408497,76.7336122129409,8.77342647552902,7.933333333333334,7.800607870562665,243.44070198094857,347.3333333333334,333.98752481939823,481.33058241338676,688.9999999999999,671.7783979011474,26.20550022175336,20.333333333333332,17.666666666666664,314.52355388680564,17.999999999999996,113.66666666666669,270.0040934143588,9.5,96.16666666666663,35.935628940211146,7.148643348828003,17.310976224356693,90.66666666666664,49.26763631501912,28.93252546454884,6.000000000000002,9.666666666666666,21.140542660461854,2.0070386611800277,4.016666666666667,2.94061165720565,0.5925791021820465,0.9021255075792757,0.51
30.68835538299533,76.73368847499987,8.761569133164851,7.933333333333334,7.799219021448886,245.19069238185529,347.3333333333334,334.13195675807833,484.8681605353707,688.9999999999999,672.1030282132847,26.194624108571368,20.333333333333332,17.666666666666664,314.5840579762833,17.999999999999996,113.66666666666669,269.8534992564351,9.5,96.16666666666663,36.245400623877664,7.198022470170477,17.302593008576707,90.66666666666664,49.2714109728893,29.06052998545293,6.000000000000002,9.666666666666666,21.120791011925164,2.0366131379582972,4.016666666666667,2.9837880667918943,0.6006545159285932,0.8946249637298591,0.51
30.688556880582162,76.73376473705883,8.749700762845263,7.933333333333334,7.797766653296977,246.94101577109896,347.3333333333334,334.27640559355825,488.40885617938557,688.9999999999999,672.4275458778936,26.183746510664143,20.333333333333332,17.666666666666664,314.63683053985824,17.999999999999996,113.66666666666669,269.7031965296271,9.5,96.16666666666663,36.55666177917948,7.247480711457574,17.294205782788676,90.66666666666664,49.27519350791023,29.189217868090566,6.000000000000002,9.666666666666666,21.101007715410624,2.0663166117199667,4.016666666666667,3.027009744720337,0.608722573224479,0.8871060249838186,0.51
30.688758378169,76.7338409991178,8.73782356478609,7.933333333333334,7.796254076307599,248.69136270086872,347.3333333333334,334.4208173719527,491.9520149589139,688.9999999999999,672.7518922446009,26.17286934433605,20.333333333333332,17.666666666666664,314.68183005142225,17.999999999999996,113.66666666666669,269.55326047071196,9.5,96.16666666666663,36.86933458466417,7.297008518353547,17.285816185473678,90.66666666666664,49.278981191199335,29.318558701703317,6.000000000000002,9.666666666666666,21.08119659265254,2.0961423885347754,4.016666666666667,3.0702686189761343,0.6167819383003205,0.8795702178599955,0.51
30.68895987575583,76.73391726117677,8.725939739252723,7.933333333333334,7.794684600708591,250.44142371341013,347.3333333333334,334.56513813834295,495.4969824722979,688.9999999999999,673.0760086608279,26.161994525954434,20.333333333333332,17.666666666666664,314.7190149855139,17.999999999999996,113.66666666666669,269.40376631788126,9.5,96.16666666666663,37.18334121974755,7.346596336383531,17.277425855156924,90.66666666666664,49.28277129384366,29.44852207614256,6.000000000000002,9.666666666666666,21.06136146544084,2.1260837745543593,4.016666666666667,3.113556617374285,0.6248312753228701,0.8720190688854215,0.51
30.689161373342664,76.73399352323574,8.714051486563537,7.933333333333334,7.793061536757259,252.19088934027417,347.3333333333334,334.7093139366955,499.0431043016919,688.9999999999999,673.3998364716174,26.151123971954373,20.333333333333332,17.666666666666664,314.74834381737503,17.999999999999996,113.66666666666669,269.25478931085945,9.5,96.16666666666663,37.49860386483104,7.396234610925843,17.269036430411024,90.66666666666664,49.286561086897436,29.579077581941846,6.000000000000002,9.666666666666666,21.04150615562422,2.1561340760233407,4.016666666666667,3.156865667548272,0.6328692483898379,0.8644541045952604,0.51
30.6893628709295,76.7340697852947,8.702161007095645,7.933333333333334,7.791388194743184,253.9394501011868,347.3333333333334,334.8532908097467,502.58972601130387,688.9999999999999,673.7233170193834,26.14025959884591,20.333333333333332,17.666666666666664,314.76977502300554,17.999999999999996,113.66666666666669,269.1064046910582,9.5,96.16666666666663,37.81504470138021,7.445913787195053,17.260649549861036,90.66666666666664,49.29034784137879,29.710194810375818,6.000000000000002,9.666666666666666,21.02163448511684,2.1862865992867033,4.016666666666667,3.200187696930122,0.6408945215227689,0.8568768515340079,0.51
30.689564368516333,76.73414604735366,8.690270501289852,7.933333333333334,7.789667884991118,255.68679650300484,347.3333333333334,334.99701479889194,506.13619314587856,688.9999999999999,674.0463916436769,26.12940332322062,20.333333333333332,17.666666666666664,314.7832670792311,17.999999999999996,113.66666666666669,268.9586877017325,9.5,96.16666666666663,38.13258591205502,7.495624310229463,17.252266852189027,90.66666666666664,49.294128828266416,29.841843353543922,6.000000000000002,9.666666666666666,21.001750275903383,2.21653465080206,4.016666666666667,3.2435146327336533,0.6489057586600767,0.8492888362558432,0.51
30.689765866103166,76.73422230941263,8.678382169657251,7.933333333333334,7.787903917864371,257.43261903839806,347.3333333333334,335.1404319440502,509.6818512286809,688.9999999999999,674.3690016808923,26.118557061759937,20.333333333333332,17.666666666666664,314.7887784637744,17.999999999999996,113.66666666666669,268.8117135881663,9.5,96.16666666666663,38.451149680821516,7.545356624872474,17.243889976139943,90.66666666666664,49.297901318495704,29.973992804449267,6.000000000000002,9.666666666666666,20.98185735004647,2.2468715371501546,4.016666666666667,3.2868384019318073,0.6569016236485987,0.8416915853257669,0.51
30.689967363690002,76.7342985714716,8.666498212785415,7.933333333333334,7.786099603768408,259.17660818453885,347.3333333333334,335.28348828352506,513.2260457595958,688.9999999999999,674.6910884639717,26.107722731243566,20.333333333333332,17.666666666666664,314.7862676553373,17.999999999999996,113.66666666666669,268.6655575978664,9.5,96.16666666666663,38.77065819311467,7.59510117575681,17.23552056052734,90.66666666666664,49.30166258295466,30.106612757103342,6.000000000000002,9.666666666666666,20.961959529693043,2.2772905650501922,4.016666666666667,3.3301509312356097,0.6648807802348631,0.8340866253200513,0.51
30.690168861276835,76.73437483353057,8.654620831346755,7.933333333333334,7.784258253155059,260.9184544014362,347.3333333333334,335.4261298538343,516.7681222125816,688.9999999999999,675.0125933220343,26.09690224855993,20.333333333333332,17.666666666666664,314.77569313369247,17.999999999999996,113.66666666666669,268.5202949807972,9.5,96.16666666666663,39.09103363598219,7.644848407281119,17.22716024424077,90.66666666666664,49.30540989247898,30.239672806627002,6.000000000000002,9.666666666666666,20.94206063708361,2.3077850413733447,4.016666666666667,3.373444147065571,0.6728418920543943,0.8264754828276455,0.51
30.69037035886367,76.73445109558953,8.642752226105578,7.933333333333334,7.782401220436649,262.65784813039335,347.3333333333334,335.56830268954354,520.3074260334907,688.9999999999999,675.3334575800236,26.086097530716074,20.333333333333332,17.666666666666664,314.75701337978444,17.999999999999996,113.66666666666669,268.3760009896157,9.5,96.16666666666663,39.41219819830784,7.694588763593066,17.218810666252526,90.66666666666664,49.309140517847155,30.373142549389623,6.000000000000002,9.666666666666666,20.922164494559137,2.338348273163783,4.016666666666667,3.4167099755278247,0.6807836226212163,0.8188596844502973,0.51
30.690571856450504,76.7345273576485,8.630894597928965,7.933333333333334,7.780565561833794,264.3944797918517,347.3333333333334,335.7099528230468,523.8433026367608,688.9999999999999,675.653622558231,26.075310494851244,20.333333333333332,17.666666666666664,314.7301868758465,17.999999999999996,113.66666666666669,268.23275087997166,9.5,96.16666666666663,39.73407407098762,7.744312688558513,17.21047346562718,90.66666666666664,49.31285172977424,30.506991583134635,6.000000000000002,9.666666666666666,20.902274924573263,2.368973567655199,4.016666666666667,3.459940342376854,0.6887046353140889,0.8112407568045001,0.51
30.690773354037336,76.73460361970746,8.619050147796202,7.933333333333334,7.778754580297202,266.1280397833595,347.3333333333334,335.8510262843503,527.375097402497,688.9999999999999,675.9730295718325,26.064543058249807,20.333333333333332,17.666666666666664,314.69717548923165,17.999999999999996,113.66666666666669,268.0906199108125,9.5,96.16666666666663,40.05658344720183,7.794010625738101,17.202150281530496,90.66666666666664,49.316540798905415,30.641189507151704,6.000000000000002,9.666666666666666,20.882395749701725,2.3996542322963985,4.016666666666667,3.503127172983387,0.6966035933628287,0.803620226521943,0.51
30.690974851624173,76.73467988176643,8.607221076810141,7.933333333333334,7.776970758953581,267.85821847718984,347.3333333333334,335.9914691008219,530.9021556730121,688.9999999999999,676.2916199303481,26.05379713835645,20.333333333333332,17.666666666666664,314.66871186945366,17.999999999999996,113.66666666666669,267.9496833447356,9.5,96.16666666666663,40.379648522713254,7.843673018358693,17.193842753239835,90.66666666666664,49.32020499580885,30.775705922467658,6.000000000000002,9.666666666666666,20.862530792653782,2.4303835747793436,4.016666666666667,3.546262392296176,0.7044791598323993,0.7959996202503176,0.51
30.691176349211005,76.7347561438254,8.595409586212636,7.933333333333334,7.7752153870138905,269.58470621725,347.3333333333334,336.13122729687535,534.4238227480984,688.9999999999999,676.6093349369594,26.043074652795667,20.333333333333332,17.666666666666664,314.6464516723647,17.999999999999996,113.66666666666669,267.81001644841893,9.5,96.16666666666663,40.70319149612628,7.893290309269473,17.185552520157884,90.66666666666664,49.3238415909666,30.910510432029838,6.000000000000002,9.666666666666666,20.84268387628978,2.461154903063424,4.016666666666667,3.5893379247887776,0.7123299976031543,0.7883804646560213,0.51
30.691377846797838,76.73483240588436,8.583617877397405,7.933333333333334,7.773439220016133,271.3071933162566,347.3333333333334,336.2702468936675,537.9394438810673,688.9999999999999,676.9261158878573,26.03237751938976,20.333333333333332,17.666666666666664,314.63030293045307,17.999999999999996,113.66666666666669,267.6716944930546,9.5,96.16666666666663,41.02713456931797,7.942852940912198,17.177281221824934,90.66666666666664,49.32744785476579,31.045572640971706,6.000000000000002,9.666666666666666,20.822858823632988,2.49196152541601,4.016666666666667,3.6323456944163746,0.7201547693514448,0.7807642864241073,0.51
30.691579344384674,76.73490866794333,8.571848151927913,7.933333333333334,7.7716162625973855,273.02537005204664,347.3333333333334,336.4084739087149,541.4483642732797,688.9999999999999,677.2419040714149,26.021707656182244,20.333333333333332,17.666666666666664,314.62017367683893,17.999999999999996,113.66666666666669,267.5347927548804,9.5,96.16666666666663,41.35139994784051,7.992351355273805,17.169030497935104,90.66666666666664,49.331021057487575,31.18086215687869,6.000000000000002,9.666666666666666,20.803059457888637,2.5227967504502207,4.016666666666667,3.6752776245549077,0.7279521375254034,0.7731526122603034,0.51
30.691780841971507,76.7349849300023,8.560102611557253,7.933333333333334,7.7697477570264475,274.7389266634358,347.3333333333334,336.5458543554626,544.9499290680488,688.9999999999999,677.556640767253,26.011066981464147,20.333333333333332,17.666666666666664,314.6159719453832,17.999999999999996,113.66666666666669,267.39938651578234,9.5,96.16666666666663,41.67590984139691,8.041775993834406,17.16080198835453,90.66666666666664,49.33455846929477,31.31634859009852,6.000000000000002,9.666666666666666,20.783289602464702,2.5536538871695806,4.016666666666667,3.718125637933354,0.7357207643175826,0.7655469688929741,0.51
30.69198233955834,76.73506119206127,8.548383458249114,7.933333333333334,7.767834945676684,276.4475533457406,347.3333333333334,336.682334242812,548.443483344203,688.9999999999999,677.8702672452215,26.000457413802447,20.333333333333332,17.666666666666664,314.61760577081475,17.999999999999996,113.66666666666669,267.26555106396137,9.5,96.16666666666663,42.00058646443835,8.091117297515535,17.15259733314096,90.66666666666664,49.33805736021817,31.452001554118624,6.000000000000002,9.666666666666666,20.76355308099255,2.5845262450241093,4.016666666666667,3.7608816565628875,0.7434593116348142,0.75794888307416,0.51
30.692183837145176,76.73513745412022,8.536692894203796,7.933333333333334,7.76587907103889,278.1509402453485,347.3333333333334,336.8178595745542,551.9283721081122,688.9999999999999,678.1827247641727,25.98988087207455,20.333333333333332,17.666666666666664,314.62498318888163,17.999999999999996,113.66666666666669,267.1333616947236,9.5,96.16666666666663,42.32535203679946,8.1403657066126,17.144418172567548,90.66666666666664,49.34151500014036,31.587790665978716,6.000000000000002,9.666666666666666,20.74385371735402,2.61540713396993,4.016666666666667,3.8035376016484586,0.7511664410622725,0.7503598815820036,0.51
30.69238533473201,76.73521371617919,8.525033121886544,7.933333333333334,7.76388137573584,279.84877745369056,347.3333333333334,336.9523763487384,555.4039402849844,688.9999999999999,678.4939545705929,25.979339275506547,20.333333333333332,17.666666666666664,314.63801223653104,17.999999999999996,113.66666666666669,267.00289371137217,9.5,96.16666666666663,42.65012878448163,8.189511660724106,17.136266147149243,90.66666666666664,49.34492865877751,31.72368554676826,6.000000000000002,9.666666666666666,20.724195335709712,2.6462898645428052,4.016666666666667,3.846085393492811,0.7588408138230431,0.7427814912224207,0.51
30.69258683231884,76.73528997823816,8.513406344061277,7.933333333333334,7.761843102539233,281.5407550001434,347.3333333333334,337.08583055692895,558.8695327085262,688.9999999999999,678.8038978969939,25.968834543718344,20.333333333333332,17.666666666666664,314.6566009521191,17.999999999999996,113.66666666666669,266.87422242624746,9.5,96.16666666666663,42.9748389405279,8.238545598665684,17.128142897673857,90.66666666666664,49.348295605658066,31.859655822187953,6.000000000000002,9.666666666666666,20.704581760533383,2.677167747940176,4.016666666666667,3.888516951382142,0.7664810907308398,0.7352152388317019,0.51
30.692788329905678,76.73536624029713,8.501814763828353,7.933333333333334,7.759765494389088,283.22656284397317,347.3333333333334,337.21816818336004,562.3244941093391,688.9999999999999,679.1124959600808,25.958368596774804,20.333333333333332,17.666666666666664,314.6806573756647,17.999999999999996,113.66666666666669,266.74742316192066,9.5,96.16666666666663,43.29940474608654,8.287457958376336,17.120050065237287,90.66666666666664,49.3516131100986,31.995671123222696,6.000000000000002,9.666666666666666,20.68501681664942,2.708034096120981,4.016666666666667,3.9308241934582946,0.7740859321358688,0.7276626512785389,0.51
30.69298982749251,76.7354425023561,8.490260584669727,7.933333333333334,7.75764979441653,284.90589086478946,347.3333333333334,337.34933520393827,565.7681691010671,688.9999999999999,679.4196899585861,25.947943355246398,20.333333333333332,17.666666666666664,314.71008954914714,17.999999999999996,113.66666666666669,266.6225712525957,9.5,96.16666666666663,43.62374845161689,8.336239176804392,17.111989291285248,90.66666666666664,49.35487844117513,32.13170108691125,6.000000000000002,9.666666666666666,20.66550432927849,2.738882221918715,4.016666666666667,3.9729990365657883,0.7816539978610406,0.720125255467144,0.51
30.693191325079347,76.73551876441506,8.478746010499208,7.933333333333334,7.755497245969883,286.578428851747,347.3333333333334,337.4792775851055,569.1999021649502,688.9999999999999,679.7254210708049,25.93756074027786,20.333333333333332,17.666666666666664,314.74480551686787,17.999999999999996,113.66666666666669,266.49974204571834,9.5,96.16666666666663,43.94779231837257,8.384879689784846,17.10396221766041,90.66666666666664,49.35808886769077,32.26771535727702,6.000000000000002,9.666666666666666,20.6460481240866,2.769705439180567,4.016666666666667,4.015033396082116,0.7891839471290139,0.7126045783392324,0.51
30.69339282266618,76.73559502647403,8.46727324572399,7.933333333333334,7.753309092645761,288.24386649049757,347.3333333333334,337.60794128247625,572.619037630938,688.9999999999999,680.029630451633,25.92722267367101,20.333333333333332,17.666666666666664,314.78471332587776,17.999999999999996,113.66666666666669,266.3790109038936,9.5,96.16666666666663,44.271458620075784,8.433369931884826,17.095970486659397,90.66666666666664,49.36127165027543,32.40368358639288,6.000000000000002,9.666666666666666,20.6266520272469,2.8004970629243697,4.016666666666667,4.0569191857093685,0.796674438474841,0.7051021468779559,0.51
30.693594320253013,76.735671288533,8.455844495313787,7.933333333333334,7.751086578324971,289.9018933483018,347.3333333333334,337.73527223927175,576.0249196564384,688.9999999999999,680.3322592291643,25.916931077979463,20.333333333333332,17.666666666666664,314.82972102649825,17.999999999999996,113.66666666666669,266.2604532071065,9.5,96.16666666666663,44.594669644987874,8.481700336235814,17.088015741097692,90.66666666666664,49.36449436901278,32.53957543567689,6.000000000000002,9.666666666666666,20.607319865506803,2.831250409532754,4.016666666666667,4.098648317240979,0.8041241296452128,0.6976194881103142,0.51
30.69379581783985,76.73574755059195,8.444461964884429,7.933333333333334,7.748830947215296,291.5521988561473,347.3333333333334,337.86121638444615,579.4168922006404,688.9999999999999,680.6332485006168,25.906687876622257,20.333333333333332,17.666666666666664,314.8797366729452,17.999999999999996,113.66666666666669,266.1435258333962,9.5,96.16666666666663,44.91734769831475,8.529861334327713,17.08009962438766,90.66666666666664,49.367758463958786,32.675360577406984,6.000000000000002,9.666666666666666,20.588055466270326,2.8619587969786053,4.016666666666667,4.1402127002792515,0.8115316774779999,0.6901581291111187,0.51
30.69399731542668,76.73582381265092,8.43312786079517,7.933333333333334,7.746543443901897,293.1944722877762,347.3333333333334,337.9857196304839,582.7942989945959,688.9999999999999,680.9325393275399,25.896494994017168,20.333333333333332,17.666666666666664,314.9346683240915,17.999999999999996,113.66666666666669,266.0261789014853,9.5,96.16666666666663,45.23941510513459,8.577843355773016,17.072223780629898,90.66666666666664,49.37106256658585,32.811008696551106,6.000000000000002,9.666666666666666,20.568862657692502,2.8926155450994795,4.016666666666667,4.181604241907061,0.8188957377602553,0.6827195970062649,0.51
30.694198813013514,76.73590007470989,8.421844390265331,7.933333333333334,7.744225313407458,294.8284027345859,347.3333333333334,338.10872787076715,586.1564835053746,688.9999999999999,681.2300727300811,25.886354355740234,20.333333333333332,17.666666666666664,314.9944240443882,17.999999999999996,113.66666666666669,265.9082762904541,9.5,96.16666666666663,45.560794213880236,8.625636828023344,17.064389854722567,90.66666666666664,49.37440530781876,32.94648949294617,6.000000000000002,9.666666666666666,20.54974526879266,2.9232139759239226,4.016666666666667,4.222814846294325,0.8262149650584252,0.6753054189769367,0.51
30.69440031060035,76.73597633676886,8.41061376151239,7.933333333333334,7.741877801263948,296.45367907575206,347.3333333333334,338.2301869764363,589.5027888935974,688.9999999999999,681.5257896801484,25.87626788871581,20.333333333333332,17.666666666666664,315.0589119050008,17.999999999999996,113.66666666666669,265.78985587318107,9.5,96.16666666666663,45.88140740059326,8.673232176037857,17.056599492491436,90.66666666666664,49.377785317945495,33.08177268394621,6.000000000000002,9.666666666666666,20.530707129587135,2.9537474140700986,4.016666666666667,4.263836414232668,0.8334880125155198,0.6679171222632068,0.51
30.694601808187183,76.73605259882783,8.39943818391901,7.933333333333334,7.739502153599169,298.06998994211534,347.3333333333334,338.3500427926002,592.8325579620754,688.9999999999999,681.8196310931456,25.866237521446095,20.333333333333332,17.666666666666664,315.12803998519655,17.999999999999996,113.66666666666669,265.67095555926437,9.5,96.16666666666663,46.20117707405187,8.720619821881531,17.048854340846987,90.66666666666664,49.38120122650959,33.21682800761568,6.000000000000002,9.666666666666666,20.51175207124996,2.9842091872261705,4.016666666666667,4.304660842572445,0.8407135316060339,0.6605562341685904,0.51
30.694803305774016,76.7361288608868,8.388319868232593,7.933333333333334,7.737099617241,299.6770236727941,347.3333333333334,338.4682411337739,596.1451330944138,688.9999999999999,682.1115378180244,25.856265184287146,20.333333333333332,17.666666666666664,315.2017163740711,17.999999999999996,113.66666666666669,265.5516133015159,9.5,96.16666666666663,46.52002568209758,8.767790184251421,17.041156047973008,90.66666666666664,49.38465166218086,33.35162522664901,6.000000000000002,9.666666666666666,20.49288392630228,3.014592626743001,4.016666666666667,4.3452800235511155,0.8478901718404005,0.6532242820633742,0.51
30.695004803360852,76.73620512294576,8.377261026809323,7.933333333333334,7.734671439844615,301.27446826213975,347.3333333333334,338.5847277783062,599.4398561799381,688.9999999999999,682.4014506251194,25.846352809786218,20.333333333333332,17.666666666666664,315.27984917268435,17.999999999999996,113.66666666666669,265.43186710389153,9.5,96.16666666666663,46.83787571936551,8.814733677897092,17.0335062635571,90.66666666666664,49.388135252597635,33.486134133159496,6.000000000000002,9.666666666666666,20.474106528844295,3.044891068358169,4.016666666666667,4.3856858439719115,0.8550165804036983,0.6459227933887663,0.51
30.695206300947685,76.73628138500472,8.366263873912413,7.933333333333334,7.732218870048291,302.8620112947676,347.3333333333334,338.69944846155425,602.7160685219154,688.9999999999999,682.6893101912403,25.83650233309499,20.333333333333332,17.666666666666664,315.36234649672764,17.999999999999996,113.66666666666669,265.311755031215,9.5,96.16666666666663,47.15464973684716,8.86144071291569,17.025906639072847,90.66666666666664,49.39165062417364,33.62032455459142,6.000000000000002,9.666666666666666,20.455423714837146,3.0750978530915067,4.016666666666667,4.425870184200488,0.8620914017125153,0.6386532956607776,0.51
30.69540779853452,76.73635764706368,8.35533062607593,7.933333333333334,7.729743157664835,304.4393398658923,347.3333333333334,338.81234886749706,605.973110725547,688.9999999999999,682.9750570813512,25.826715692476412,20.333333333333332,17.666666666666664,315.4491164799037,17.999999999999996,113.66666666666669,265.1913152211493,9.5,96.16666666666663,47.47027035390003,8.90790169390267,17.018358828125415,90.66666666666664,49.395196401860986,33.75416636111188,6.000000000000002,9.666666666666666,20.43683932244263,3.10520632836981,4.016666666666667,4.465824916942671,0.8691132768696659,0.6314173164713133,0.51
30.695609296121354,76.73643390912265,8.344463502561284,7.933333333333334,7.727245553920582,306.00614048158474,347.3333333333334,338.92337461825923,609.2103225574645,688.9999999999999,683.258631725655,25.816994829939276,20.333333333333332,17.666666666666664,315.54006727816375,17.999999999999996,113.66666666666669,265.0705858991449,9.5,96.16666666666663,47.78466027314772,8.954107018880945,17.010864486884415,90.66666666666664,49.39877120885444,33.887629474794764,6.000000000000002,9.666666666666666,20.4183571924516,3.1352098494217837,4.016666666666667,4.505541905710115,0.8760808429824299,0.6242163834913654,0.51
30.695810793708187,76.73651017118162,8.333664725921773,7.933333333333334,7.724727311753403,307.56209893469713,347.3333333333334,339.0324712610484,612.4270427718618,688.9999999999999,683.5399743910208,25.807341692027656,20.333333333333332,17.666666666666664,315.6351070751606,17.999999999999996,113.66666666666669,264.94960539711747,9.5,96.16666666666663,48.0977422995017,9.000047077994726,17.00342527462161,90.66666666666664,49.40237366622308,34.020683881289614,6.000000000000002,9.666666666666666,20.39998116880637,3.165101781058972,4.016666666666667,4.545013002925455,0.8829927323112007,0.6170520244686885,0.51
30.696012291295023,76.73658643324059,8.322936522717525,7.933333333333334,7.722189686189807,309.1069001476768,347.3333333333334,339.13958770466115,615.6226088903115,688.9999999999999,683.8190251447829,25.797758230821245,20.333333333333332,17.666666666666664,315.7341440892337,17.999999999999996,113.66666666666669,264.8284121771016,9.5,96.16666666666663,48.409439364311645,9.045712251857202,16.996042854392023,90.66666666666664,49.406002392444435,34.15329964462828,6.000000000000002,9.666666666666666,20.38171509926165,3.194875499936436,4.016666666666667,4.584230047523105,0.8898475711906103,0.6099257672242416,0.51
30.696213788881856,76.73666269529956,8.312281124424294,7.933333333333334,7.719633934825502,310.64022797228216,347.3333333333334,339.2459898425013,618.7963569218043,688.9999999999999,684.0957238085721,25.788246405209932,20.333333333333332,17.666666666666664,315.8370865824747,17.999999999999996,113.66666666666669,264.7070448614312,9.5,96.16666666666663,48.71967455645723,9.091092909462127,16.9887188939013,90.66666666666664,49.409656002811275,34.28544692624992,6.000000000000002,9.666666666666666,20.363562836219955,3.224524397462919,4.016666666666667,4.623184861901173,0.8966439786527363,0.6028391396435695,0.51
30.69641528646869,76.73673895735853,8.301700768599419,7.933333333333334,7.717061318443716,312.16176493197145,347.3333333333334,339.3527148963347,621.9476210034907,688.9999999999999,684.3700098988731,25.778808182533496,20.333333333333332,17.666666666666664,315.943842872614,17.999999999999996,113.66666666666669,264.58554227161943,9.5,96.16666666666663,49.02837116279558,9.136179405521492,16.981455066620576,90.66666666666664,49.41333310866895,34.417096009698646,6.000000000000002,9.666666666666666,20.34552823779648,3.254041883586428,4.016666666666667,4.661869248013648,0.9033805646531591,0.5957936696598767,0.51
30.696616784055525,76.73681521941748,8.291197700398257,7.933333333333334,7.714473101820422,313.67119188631324,347.3333333333334,339.45973486431114,625.0757329333537,688.9999999999999,684.641822549544,25.76944554071781,20.333333333333332,17.666666666666664,316.0543213487292,17.999999999999996,113.66666666666669,264.4639434790437,9.5,96.16666666666663,49.335452721219944,9.18096207701658,16.974253053238243,90.66666666666664,49.41703231642295,34.54821733297775,6.000000000000002,9.666666666666666,20.327615169198715,3.2834213917595227,4.016666666666667,4.70027498228992,0.9100559277576541,0.5887908852273167,0.51
30.696818281642358,76.73689148147645,8.280774174566137,7.933333333333334,7.711870554784663,315.1681875891663,347.3333333333334,339.5670215230541,628.1800215562096,688.9999999999999,684.9111004097193,25.76016047108744,20.333333333333332,17.666666666666664,316.1684304922772,17.999999999999996,113.66666666666669,264.3422878717651,9.5,96.16666666666663,49.640843091201454,9.225431238693268,16.967114543570187,90.66666666666664,49.420752226232885,34.678781531486955,6.000000000000002,9.666666666666666,20.309827504528304,3.3126563855401923,4.016666666666667,4.738393808965226,0.9166686520920088,0.5818323142770424,0.51
30.69701977922919,76.73696774353542,8.270432458092253,7.933333333333334,7.7092549536336294,316.65242809898587,347.3333333333334,339.6745463655401,631.2598119455319,688.9999999999999,685.1777815074516,25.75095498212008,20.333333333333332,17.666666666666664,316.2860789055695,17.999999999999996,113.66666666666669,264.2206152437922,9.5,96.16666666666663,49.944466548659484,9.269577177087328,16.960041239108172,90.66666666666664,49.42449143027077,34.8087594956859,6.000000000000002,9.666666666666666,20.29216912917095,3.341740367468412,4.016666666666667,4.776217431198872,0.9232173032662209,0.5749194846493955,0.51
30.697221276816027,76.73704400559438,8.26017483379457,7.933333333333334,7.706627583048141,318.12358598065634,347.3333333333334,339.78228051699386,634.3144242980323,688.9999999999999,685.4418030650071,25.741831104528636,20.333333333333332,17.666666666666664,316.4071753508889,17.999999999999996,113.66666666666669,264.0989659160412,9.5,96.16666666666663,50.246247915465474,9.313390142494804,16.953034856467447,90.66666666666664,49.42824851036502,34.938122449685416,6.000000000000002,9.666666666666666,20.27464394300823,3.3706668911822475,4.016666666666667,4.813737499082914,0.9297004228504988,0.5680539239881622,0.51
30.69742277440286,76.73712026765335,8.250003605242963,7.933333333333334,7.703989738727542,319.58132920750165,347.3333333333334,339.8901946191714,637.3431724153497,688.9999999999999,685.7031012446165,25.73279089825297,20.333333333333332,17.666666666666664,316.5316288050041,17.999999999999996,113.66666666666669,263.97738090287976,9.5,96.16666666666663,50.54611273887011,9.35686033799302,16.94609713212733,90.66666666666664,49.43202203476146,35.066842059992304,6.000000000000002,9.666666666666666,20.2572558648092,3.3994295782033035,4.016666666666667,4.850945593182032,0.9361165207677768,0.5612371595788459,0.51
30.697624271989692,76.73719652971232,8.239921103637583,7.933333333333334,7.70134273107799,321.0253196244152,347.3333333333334,339.99825866834976,640.3453615823618,688.9999999999999,685.9616107923536,25.723836462247096,20.333333333333332,17.666666666666664,316.6593485364846,17.999999999999996,113.66666666666669,263.8559021454803,9.5,96.16666666666663,50.84398754455857,9.399977904173223,16.939229829063642,90.66666666666664,49.43581055359241,35.19489058866704,6.000000000000002,9.666666666666666,20.240008838337385,3.4280221416084773,4.016666666666667,4.887833201547216,0.9424640646327275,0.5544707180979338,0.51
30.69782576957653,76.73727279177129,8.229929697616862,7.933333333333334,7.698687890479784,322.45521075296904,347.3333333333334,340.10644178391516,643.3202855413688,688.9999999999999,686.217264529243,25.714969948457977,20.333333333333332,17.666666666666664,316.7902442173981,17.999999999999996,113.66666666666669,263.7345728453606,9.5,96.16666666666663,51.13980020039212,9.442732897458859,16.932434746217087,90.66666666666664,49.43961259240955,35.32224111321416,6.000000000000002,9.666666666666666,20.222906841023384,3.456438420053305,4.016666666666667,4.924391686952806,0.9487414645106871,0.5477561252250138,0.51
30.69802726716336,76.73734905383024,8.22003180755762,7.933333333333334,7.69602657497901,323.8706445863352,347.3333333333334,340.2147118703862,646.2672220797872,688.9999999999999,686.4699926077251,25.706193582239347,20.333333333333332,17.666666666666664,316.9242260882116,17.999999999999996,113.66666666666669,263.6134379518371,9.5,96.16666666666663,51.43348045089192,9.485115258619508,16.92571373231408,90.66666666666664,49.44342664274538,35.44886784932566,6.000000000000002,9.666666666666666,20.20595389655938,3.484672427762893,4.016666666666667,4.960612239147311,0.9549470506398345,0.5410949050338966,0.51
30.698228764750198,76.73742531588921,8.210229926960636,7.933333333333334,7.693360181807504,325.2712467890697,347.3333333333334,340.3230351111345,649.1854264306758,688.9999999999999,686.7197213974613,25.69750969292745,20.333333333333332,17.666666666666664,317.06120520731963,17.999999999999996,113.66666666666669,263.4925448926669,9.5,96.16666666666663,51.72496072251809,9.5271147658655,16.91906870655849,90.66666666666664,49.44725114798395,35.57474663662383,6.000000000000002,9.666666666666666,20.189154093661234,3.5127184298465446,4.016666666666667,4.996485803473281,0.9610790400340793,0.5344885790196052,0.51
30.69843026233703,76.73750157794818,8.200526655391974,7.933333333333334,7.6906901651493795,326.65661929390996,347.3333333333334,340.43137518747454,652.0741211059899,688.9999999999999,686.9663717661589,25.688920760999622,20.333333333333332,17.666666666666664,317.20109383927786,17.999999999999996,113.66666666666669,263.37194470162524,9.5,96.16666666666663,52.01417737183136,9.568720962832288,16.912501690533702,90.66666666666664,49.45108448158001,35.6998556908752,6.000000000000002,9.666666666666666,20.172511614874768,3.540571059026956,4.016666666666667,5.032002970952934,0.9671354849347218,0.5279386645186929,0.51
30.698631759923863,76.73757784000715,8.190924750960084,7.933333333333334,7.6880180644789755,328.02632849374123,347.3333333333334,340.53969203293076,654.9324796985603,688.9999999999999,687.209856336266,25.68042949329608,20.333333333333332,17.666666666666664,317.34380607921344,17.999999999999996,113.66666666666669,263.25169381816835,9.5,96.16666666666663,52.30107268599804,9.609923044224852,16.906014859070687,90.66666666666664,49.454924912332636,35.824176808571636,6.000000000000002,9.666666666666666,20.15603078231799,3.568225502721021,4.016666666666667,5.067153803246125,0.9731141905269085,0.5214466720658838,0.51
30.6988332575107,76.73765410206612,8.181427217321229,7.933333333333334,7.685345551592263,329.3798856442184,347.3333333333334,340.64793976550794,657.7596000235978,688.9999999999999,687.4500749302814,25.6720389478687,20.333333333333332,17.666666666666664,317.48925889645454,17.999999999999996,113.66666666666669,263.1318570758924,9.5,96.16666666666663,52.585598216464504,9.65070966673304,16.899610624650357,90.66666666666664,49.45877054677179,35.94769737281626,6.000000000000002,9.666666666666666,20.139716133314963,3.5956778147813715,4.016666666666667,5.101927542515098,0.9790125782868648,0.5150141008348599,0.51
30.699034755097532,76.73773036412508,8.172037454921263,7.933333333333334,7.682674512435547,330.7167127669329,347.3333333333334,340.75606308975046,660.5544574264055,688.9999999999999,687.6869066435686,25.663752751210474,20.333333333333332,17.666666666666664,317.6373739614336,17.999999999999996,113.66666666666669,263.0125129045509,9.5,96.16666666666663,52.867720599752936,9.691068621131068,16.893291784219247,90.66666666666664,49.46261922894999,36.070413853521785,6.000000000000002,9.666666666666666,20.123572551556,3.6229254597968925,4.016666666666667,5.136312107202527,0.9848274480871754,0.5086424304426104,0.51
30.699236252684365,76.73780662618405,8.162759539426302,7.933333333333334,7.680007197863331,332.0360798309849,347.3333333333334,340.86399066748936,663.3158188172404,688.9999999999999,687.9201952356025,25.655575498483003,20.333333333333332,17.666459353210335,317.7880810286789,17.999999999999996,113.66666666666669,262.8937629178666,9.5,96.16666666666663,53.14743231331396,9.730986229839498,16.887061789625232,90.66666666666664,49.46646835587081,36.19233827180509,6.000000000000002,9.666666666666666,20.10760550807286,3.6499683188396284,4.016666666666667,5.170293163964227,0.9905545396987908,0.5023331054435635,0.51
30.6994377502712,76.737882888243,8.153598772047921,7.933333333333334,7.677346521796067,333.33698051554853,347.3333333333334,340.97162200612837,666.0420727490382,688.9999999999999,688.1497202314531,25.64751354507769,20.333333333333332,17.665414794000114,317.9413246547427,17.999999999999996,113.66666666666669,262.77575088167515,9.500085111920388,96.16666666666663,53.42477299822626,9.770446158120855,16.88092528238313,90.66666666666664,49.47031451253441,36.313511009823344,6.000000000000002,9.666666666666666,20.091821536760555,3.6768106832386276,4.016666666666667,5.203852293618018,0.9961876652275836,0.4960875040181528,0.51
30.699639247858034,76.73795915030198,8.144562870187462,7.933333333333334,7.674696706595649,334.6178632929517,347.3333333333334,341.078799076306,668.7308617689418,688.9999999999999,688.375134359012,25.63957672001892,20.333333333333332,17.66360557939251,318.0970787849635,17.999999999999996,113.66666666666669,262.65870378143813,9.541348867377291,96.16666666666663,53.69987569748976,9.809426845289364,16.87488925106149,90.66666666666664,49.474152682106336,36.43402857999896,5.980361824998426,9.666666666666666,20.07622926189339,3.7034655780035353,4.016072326638181,5.236963023617766,1.0017168306776247,0.48990686912120807,0.5093441126282843
30.699840745444867,76.73803541236094,8.135664869810519,7.933333333333334,7.672064856794653,335.87597568329466,347.3333333333334,341.18523709984805,671.378186190566,688.9999999999999,688.5958109728041,25.63178250410833,20.333333333333332,17.661164311858062,318.2553824025319,17.999999999999996,113.66666666666669,262.5430319819178,9.648689597032302,96.16666666666663,53.97307975441058,9.847895248539007,16.868965853297023,90.66666666666664,49.4779743201625,36.55411141256502,5.911671509132981,9.666666666666666,20.06084190059376,3.7299653180383845,4.014360117602546,5.269581157481157,1.0071236544616133,0.4837921387055228,0.5066917225545372
30.700042243031703,76.73811167441991,8.126931473340873,7.933333333333334,7.669465486501798,337.10547776506934,347.3333333333334,341.2903254312689,673.9758262823098,688.9999999999999,688.810405077664,25.62416804999438,20.333333333333332,17.658230185801404,318.4164422363899,17.999999999999996,113.66666666666669,262.42961740648,9.808118271140625,96.16666666666663,54.245255884715775,9.885788859411639,16.86318053389639,90.66666666666664,49.48176181497829,36.674299009159924,5.80367949153211,9.666666666666666,20.04568445624494,3.7563919027494515,4.0117657774607185,5.301616961648791,1.0123681852323956,0.477743453741664,0.5024069467946685
30.700243740618536,76.73818793647888,8.118433775389349,7.933333333333334,7.666937185324869,338.2904977816251,347.36150890346255,341.39239456838067,676.5018541118163,688.9999999999999,689.0152373293997,25.61683442974737,20.333333333333332,17.654963806653676,318.58101115782165,17.999999999999996,113.66666666666669,262.32087443034834,10.0042515038066,96.16666666666663,54.51900339304093,9.922949535017224,16.85760190760228,90.66666666666664,49.48546809608026,36.796168617301845,5.667863098480454,9.634458120827217,20.030820186002927,3.7829889565989454,4.0085487151438235,5.3328327983234,1.0173403728425958,0.4717583396951225,0.4969643752532567
30.700445238205372,76.73826419853785,8.110457190967448,7.9326904673723035,7.664634794269878,339.3667240469805,348.0206373253335,341.48466210513965,678.8681591380722,688.9999999999999,689.1953560656402,25.610191360273102,20.333333333333332,17.65162913784209,318.7524818207512,18.507661064329255,112.54558077120284,262.2266176518687,10.214975307262366,96.1587801952127,54.80527323718422,9.958757609519491,16.852507032486507,90.66666666666664,49.488903855435105,36.926310818461715,5.520435747434297,8.959460406916705,20.016496956202236,3.810780988771608,4.005079385005538,5.362276994096301,1.0215916537244125,0.46582162960428614,0.49102972645812926
30.700646735792205,76.73834046059682,8.10517201269601,7.9031330494746825,7.6637355898472945,339.8438100276295,348.77178168580434,341.51537692567433,680.4045736154051,690.8139651118115,689.2366664387766,25.60736313228718,20.333333333333332,17.649398323571674,318.9574716491404,19.27121602444641,110.31584517932194,262.22174890598984,10.359067217192782,94.70757322974553,55.18848459604413,9.988535027042015,16.85000622645537,90.66666666666664,49.490628818077965,37.11541621997108,5.4191992497854,8.198618075543653,20.00458598919339,3.8476618211292006,4.002703411759244,5.382718251758404,1.0216961031453473,0.45980634059328807,0.48694697743760906
30.700848233379038,76.73841672265577,8.10859243276577,7.930591989184426,7.667501469990416,338.3625783277121,348.1345235074934,341.3410881639963,679.253919007396,689.0262689265502,688.8228874571232,25.617009982283395,20.333333333333332,17.651254127024544,319.26995031382955,18.61905882833161,112.23295701016247,262.5138880466567,10.23907319045651,96.0810113286547,55.902884146344036,9.999327372613127,16.855948424141133,90.66666666666664,49.48665192820328,37.50411129870068,5.503521644006866,8.843907288782596,20.000269050964985,3.9155343076727536,4.004682171073329,5.3741190183208705,1.0081559315876958,0.4533574376579069,0.49034789228049847
30.701049730965874,76.73849298471474,8.115395676993106,7.933333333333334,7.67304282638529,336.12635480632895,347.3985412796925,341.0888478454355,677.0599184950289,688.9999999999999,688.2340683890327,25.631464589479297,20.333333333333332,17.654560667253232,319.62413893532323,18.004074886203295,113.66666666666669,262.91910194058573,10.02929725853264,96.16666666666663,56.740797839393984,10.002589367729652,16.86515585877804,90.66666666666664,49.480507759886386,37.967759869128194,5.650399124464968,9.595381001529129,19.998964252918356,3.9949818815074427,4.008136868535869,5.354211640355127,0.9893816683854227,0.4467927159518013,0.49626239895210245
30.701251228552707,76.73856924677371,8.122805514727808,7.933333333333334,7.678850744944532,333.7628830523097,347.3333333333334,340.82496362537074,674.6799141615115,688.9999999999999,687.6163158467245,25.646727078659016,20.333333333333332,17.657853287319995,319.98561707085196,17.999999999999996,113.66666666666669,263.3413677963129,9.829982287312909,96.16666666666663,57.59457509282517,10.004292497341046,16.874914570109944,90.66666666666664,49.474041288965054,38.44130333640656,5.788649569898967,9.666666666666666,19.998283001073766,4.075868096752014,4.011408101346564,5.332244416881826,0.9697614034423198,0.4402789691734079,0.5018066121579434
30.70145272613954,76.73864550883268,8.130472974380405,7.933333333333334,7.684732914870332,331.35129379073095,347.3333333333334,340.55783639096074,672.2217035193843,688.9999999999999,686.9884109164383,25.662293176427944,20.333333333333332,17.66083636784204,320.34986556142,17.999999999999996,113.66666666666669,263.7684754059724,9.665303556607487,96.16666666666663,58.453702082077996,10.005181645234323,16.884813862869574,90.66666666666664,49.46748658700696,38.91646642955038,5.900609119289961,9.666666666666666,19.99792734191642,4.156901296036858,4.0140914068839795,5.309378974568765,0.9498492924985105,0.43383913457167683,0.5062562798810566
30.701654223726376,76.73872177089164,8.138318333211211,7.933333333333334,7.690642997901575,328.90989341843283,347.3333333333334,340.2894472966212,669.7099434915932,688.9999999999999,686.3571772803017,25.678046154989808,20.333333333333332,17.663375490661288,320.71566894758115,17.999999999999996,113.66666666666669,264.1975043019798,9.550980729560065,96.16666666666663,59.31522992289534,10.005421110190841,16.894763927800394,90.66666666666664,49.46089909212563,39.39125886346208,5.974563817674822,9.666666666666666,19.99783155593377,4.237768466314893,4.0159218280999465,5.285879783599649,0.9297745670121788,0.42748047155759894,0.5091272628478233
30.70185572131321,76.73879803295061,8.146314091507609,7.933333333333334,7.696562840777554,326.44524394750647,347.3333333333334,340.020538561541,667.1531722662971,688.9999999999999,685.7247142253025,25.693944100911487,20.333333333333332,17.667180507181964,321.082430475338,17.999999999999996,113.66666666666669,264.62732344565325,9.501092432728745,96.16666666666663,60.1778221933986,10.005061222949653,16.90473603423348,90.66666666666664,49.454299696871544,39.86488627794883,6.000000000000002,9.666666666666666,19.997975510830205,4.318342262450778,4.0166614828381615,5.2618370940284285,0.9095854349426985,0.42120766612704424,0.51
30.70205721890004,76.73887429500958,8.154418461193602,7.933333333333334,7.70248240811153,323.96470838393145,347.3333333333334,339.75149666598946,664.5640165214453,688.9999999999999,685.0918332469223,25.70994071335819,20.333333333333332,17.672905336880333,321.4496971542477,17.999999999999996,113.66666666666669,265.05730952260785,9.474497877297903,96.16666666666663,61.04065047092241,10.004245350115394,16.914716129160112,90.66666666666664,49.44769924654478,40.33727862072987,6.003017351592436,9.666666666666666,19.99830185996386,4.398650954762583,4.016883691918125,5.237398348526448,0.8893550671338116,0.41500483062881544,0.5100217320072731
30.702258716486877,76.73895055706853,8.162531319887114,7.933333333333334,7.708394252646732,321.4835901996818,347.3333333333334,339.4825969526289,661.9724174904043,688.9999999999999,684.4591146347389,25.725940644008883,20.333333333333332,17.680026714342556,321.81699052323995,17.999999999999996,113.66666666666669,265.486985211191,9.29926938420002,96.16666666666663,61.90291613534136,10.003376939546387,16.924695053511048,90.66666666666664,49.44110518151295,40.809287162471385,6.04738536320645,9.666666666666666,19.998649224191418,4.478893198566406,4.018778787801522,5.212926045188961,0.8691307063536042,0.4088132769053259,0.5105403413923946
30.70246021407371,76.7390268191275,8.17064098418549,7.933333333333334,7.714290913143367,319.00509951561287,347.3333333333334,339.2141217359887,659.3820589641405,688.9999999999999,683.8271866765958,25.74192327095138,20.333333333333332,17.688684839699192,322.18363287553143,17.999999999999996,113.66666666666669,265.9158279994338,8.984743932395705,96.16666666666663,62.76345086804594,10.002466548523856,16.934664221358712,90.66666666666664,49.43452439659821,41.2803903727954,6.1367521019225775,9.666666666666666,19.99901338060038,4.5589746462811185,4.022316160231906,5.188456860035571,0.8489332728722931,0.4026387199739617,0.5116489302146506
30.702661711660543,76.73910308118647,8.17874322157977,7.933333333333334,7.7201615217973805,316.5329089846206,347.3333333333334,338.94652129692577,656.7946100888375,688.9999999999999,683.1971410827392,25.757864392000293,20.333333333333332,17.698710771706782,322.54830146030264,17.999999999999996,113.66666666666669,266.34297210234837,8.564096295276237,96.16666666666663,63.61978946193326,10.00145364948077,16.944610645826895,90.66666666666664,49.42796634899967,41.749305332525154,6.260460434086305,9.666666666666666,19.99941854021757,4.6386672600154535,4.027105520114447,5.163994169331703,0.8288005619422134,0.3965053673249609,0.5132080803553516
30.70286320924738,76.73917934324544,8.186832045264548,7.933333333333334,7.725979626140894,314.0771646512868,346.96517118717696,338.6810016260335,654.2130919934457,688.9999999999999,682.5720963537226,25.77369676597877,20.333333333333332,17.709534179028267,322.90712051708914,17.833770349889043,113.81447214948922,266.766069929463,8.075900510182278,96.16666666666663,64.4642712320823,10.000125674855655,16.954500009317123,90.66666666666664,49.42145334422215,42.212059184793,6.4062248853000545,9.869266201664622,19.99994973006757,4.7172609268573416,4.0326945392207385,5.1395231980413145,0.8088426937565384,0.3904911316438218,0.5150576217953747
30.703064706834212,76.73925560530441,8.194884964419163,7.955383651515033,7.731609830777192,311.69326740364806,345.705723370064,338.42404038104,651.6511589045015,687.8240988057207,681.9692580194296,25.789052553021193,20.333333333333332,17.71980805700887,323.23871344142776,16.72208452771642,115.97596517018624,267.1724924643259,7.595615354683113,97.09127983107109,65.25355771477491,9.997240862248999,16.964147844289123,90.66666666666664,49.41509848030681,42.64619251957697,6.5506362726744625,10.542426541685803,20.001103655110175,4.790734958904868,4.038207075599672,5.114920186950225,0.7896711336162221,0.3850411718526616,0.5168956228595096
30.70326620442105,76.73933186736338,8.202725320246925,7.964747138942288,7.735920852507995,309.8503250375932,345.50617817661015,338.2302979291199,649.2205874413712,687.1213517486073,681.5345474071441,25.80081614507414,20.333333333333332,17.721121189915845,323.3619909339104,16.53134760806806,116.37866897513001,267.4556828830304,7.533561195611908,97.53226004439368,65.61865426519311,9.982175017596761,16.9719962572449,90.66666666666664,49.40984559272084,42.86049451007004,6.569333126065628,10.648705822240114,20.007129992970953,4.824850594662628,4.038919847837788,5.089078984297043,0.7764771832758742,0.38395153774814766,0.5171338010332447
30.70346770200788,76.73940812942234,8.210306347740538,7.933333333333334,7.7386187226002985,308.66982369865474,346.7926860079976,338.1139414336125,646.9506076042612,688.9999999999999,681.3057364763259,25.808180752167736,20.333333333333332,17.711353012509885,323.2301254228016,17.700633284671785,114.0316560071247,267.5880293293512,7.991747040990107,96.16666666666663,65.46415379262734,9.952184833381992,16.97764149659554,90.66666666666664,49.40594013183711,42.80552302806736,6.431477623328809,9.961948750185499,20.01912606665668,4.810755186811519,4.033659718436899,5.061717415159898,0.7706042351787311,0.38820333912228694,0.5153787477482399
30.703669199594714,76.7394843914813,8.217836086882835,7.933333333333334,7.741052895367309,307.59081046412945,347.3333333333334,338.00964844406656,644.7084518672926,688.9999999999999,681.1082791481535,25.814872191121854,20.333333333333332,17.700478385916064,323.05981903264586,17.999999999999996,113.66666666666669,267.6968859299479,8.486204146488454,96.16666666666663,65.23177355523958,9.920000066720663,16.982945520353923,90.66666666666664,49.40225673942929,42.71016634341171,6.283607483167097,9.666666666666666,20.03199997332102,4.789436026940333,4.027995721207287,5.034171744897097,0.7658414024180418,0.3932511075393689,0.5135011705024146
30.70387069718155,76.73956065354027,8.225343046504594,7.933333333333334,7.743414457211488,306.533546798253,347.3333333333334,337.9081405692423,642.4755439656657,688.9999999999999,680.9173445420832,25.821420151586334,20.333333333333332,17.690273986989155,322.88202116965505,17.999999999999996,113.66666666666669,267.80035730867286,8.921071061032514,96.16666666666663,64.98446658907712,9.887438686796168,16.98817269987282,90.66666666666664,49.39863638584593,42.607040462053114,6.155284775360771,9.666666666666666,20.04502452529062,4.766734337804949,4.023038427096866,5.0066364146565006,0.761304750382318,0.3984466545354684,0.5118814131161277
30.704072194768383,76.73963691559923,8.232830471405574,7.933333333333334,7.745731222742483,305.4861176567861,347.3333333333334,337.80803864349093,640.2493910094029,688.9999999999999,680.7292037788421,25.827903850869454,20.333333333333332,17.681354832528573,322.7014960545946,17.999999999999996,113.66666666666669,267.90114901616454,9.255651440332036,96.16666666666663,64.7317959279612,9.85478041556495,16.993362248112852,90.66666666666664,49.395056233547166,42.501095345234994,6.059435029449818,9.666666666666666,20.05808783378291,4.743537217044961,4.019264550234614,4.979144767278348,0.7568611776307324,0.40369115991772087,0.5106878025868803
30.704273692355216,76.7397131776582,8.240298399614005,7.933333333333334,7.748010092822582,304.4452955725615,347.3333333333334,337.708975400468,638.0295520723845,688.9999999999999,680.5428315227144,25.83434480288379,20.333333333333332,17.674186981612777,322.5196514137511,17.999999999999996,113.66666666666669,267.99999358051696,9.456323676946973,96.16666666666663,64.47648137888717,9.8221077063197,16.998524544391188,90.66666666666664,49.39151088328198,42.393734980625794,6.006850138194078,9.666666666666666,20.071156917480813,4.720096771649746,4.017069513975122,4.9517093865012844,0.7524737872159974,0.40895622933085474,0.5100614744323155
30.704475189942052,76.73978943971717,8.247746116869802,7.933333333333334,7.750252946636676,303.40993907044685,347.3333333333334,337.6108265907634,635.816073998415,688.9999999999999,680.3578519339086,25.8407506650809,20.333333333333332,17.669200650466717,322.3370875900978,17.999999999999996,113.66666666666669,268.0971494588163,9.5,96.16666666666663,64.21959692260032,9.789455505105455,17.003663049013994,90.66666666666664,49.387999118889695,42.28551059538603,6.000000000000002,9.666666666666666,20.084217797966318,4.696512391090844,4.016666666666667,4.924337796802641,0.7481287998778574,0.4142304127434388,0.51
30.704676687528885,76.73986570177614,8.255172667601563,7.933333333333334,7.752459979908996,302.37960597222974,347.3333333333334,337.5135494619969,633.6091641163034,688.9999999999999,680.1741071168195,25.847124449020292,20.333333333333332,17.666813993348022,322.15413337316505,17.999999999999996,113.66666666666669,268.19271598360916,9.5,96.16666666666663,63.96166315074045,9.756842745392646,17.008778905435726,90.66666666666664,49.38452112403362,42.1766867242288,6.000000000000002,9.666666666666666,20.097262901851245,4.67283211575549,4.016666666666667,4.89703578065384,0.7438201971697284,0.4195079614987642,0.51
30.704878185115717,76.73994196383511,8.26257700419872,7.933333333333334,7.754630697983055,301.3541408733891,347.3333333333334,337.41713470143384,631.4090936395949,688.9999999999999,679.9915286861988,25.85346726057281,20.333333333333332,17.666666666666664,321.97100562523207,17.999999999999996,113.66666666666669,268.286727105434,9.5,96.16666666666663,63.702972666480825,9.724281739073511,17.013872308675722,90.66666666666664,49.38107765484366,42.06740981268789,6.000000000000002,9.666666666666666,20.1102873043787,4.649082831143939,4.016666666666667,4.8698083769193605,0.7395451502375102,0.4247854783943565,0.51
30.705079682702554,76.74001822589406,8.269958040374613,7.933333333333334,7.756764282028259,300.3335230229693,347.3333333333334,337.3215887100385,629.2161625133792,688.9999999999999,679.8100903739481,25.85977931049727,20.333333333333332,17.666666666666664,321.7878682819654,17.999999999999996,113.66666666666669,268.37918599170774,9.5,96.16666666666663,63.443710332910435,9.6917816528101,17.018943009520953,90.66666666666664,49.37766973520902,41.957770516818535,6.000000000000002,9.666666666666666,20.123287338883877,4.625281425766691,4.016666666666667,4.842660256125846,0.7353023324632202,0.43006067912779805,0.51
30.705281180289386,76.74009448795303,8.27731467289113,7.933333333333334,7.7588597454245125,299.3178013631183,347.3333333333334,337.22692603002855,627.0306846989646,688.9999999999999,679.6297877700317,25.866060346061893,20.333333333333332,17.666666666666664,321.6048576347024,17.999999999999996,113.66666666666669,268.47007982111484,9.5,96.16666666666663,63.184004784492124,9.659350001004114,17.02399052957964,90.66666666666664,49.374298526901555,41.847830387163,6.000000000000002,9.666666666666666,20.13625999960607,4.601439570882071,4.016666666666667,4.81559588520587,0.7310911978353921,0.43533186133539054,0.51
30.705482677876223,76.740170750012,8.284645791191332,7.933333333333334,7.760916008087685,298.30706365562395,347.3333333333334,337.13316574408753,624.8529813731229,688.9999999999999,679.4506286806325,25.872309856225236,20.333333333333332,17.666666666666664,321.42209440290486,17.999999999999996,113.66666666666669,268.55938682756164,9.5,96.16666666666663,62.92395301372436,9.626993360857174,17.029014263320853,90.66666666666664,49.37096526800843,41.737634602732435,6.000000000000002,9.666666666666666,20.149202655664652,4.577566001866766,4.016666666666667,4.788619608719466,0.7269116372859589,0.4405976509053297,0.51
30.705684175463055,76.74024701207097,8.291950281905786,7.933333333333334,7.762931934799935,297.30142056054916,347.3333333333334,337.0403296172061,622.6833775494783,688.9999999999999,679.2726281469509,25.878527177478148,20.333333333333332,17.666666666666664,321.2396899976322,17.999999999999996,113.66666666666669,268.6470799411791,9.5,96.16666666666663,62.66363312039204,9.594717744791366,17.03401353058411,90.66666666666664,49.36767124128768,41.62721857253632,6.000000000000002,9.666666666666666,20.16211290209079,4.553667701191652,4.016666666666667,4.761735692688005,0.7227638009994591,0.44585687025996334,0.51
